{"stats":{"minecraft:killed_by":{"minecraft:player":8},"minecraft:used":{"minecraft:wooden_axe":9,"minecraft:wooden_sword":35},"minecraft:custom":{"minecraft:time_since_rest":606,"minecraft:damage_dealt":2514,"minecraft:play_one_minute":10652,"minecraft:crouch_one_cm":2471,"minecraft:damage_taken":2039,"minecraft:leave_game":10,"minecraft:sprint_one_cm":20041,"minecraft:time_since_death":563,"minecraft:walk_one_cm":24922,"minecraft:deaths":9,"minecraft:sneak_time":668,"minecraft:fall_one_cm":211,"minecraft:fly_one_cm":23924,"minecraft:player_kills":8,"minecraft:jump":416},"minecraft:picked_up":{"minecraft:wooden_axe":1,"minecraft:wooden_sword":10}},"DataVersion":2586}