{"stats":{"minecraft:picked_up":{"minecraft:wooden_axe":1,"minecraft:tnt":1,"minecraft:stick":2,"minecraft:wooden_sword":10,"minecraft:cactus":3,"minecraft:tnt_minecart":1,"minecraft:bedrock":1,"minecraft:rail":3,"minecraft:repeating_command_block":1},"minecraft:used":{"minecraft:bedrock":4,"minecraft:wooden_axe":9,"minecraft:wooden_sword":35,"minecraft:rail":6,"minecraft:bow":18,"minecraft:tnt":112,"minecraft:tnt_minecart":112},"minecraft:dropped":{"minecraft:wooden_sword":1,"minecraft:bow":1,"minecraft:cactus":3},"minecraft:killed_by":{"minecraft:player":8},"minecraft:custom":{"minecraft:time_since_rest":3044,"minecraft:crouch_one_cm":6876,"minecraft:play_one_minute":20007,"minecraft:sprint_one_cm":33628,"minecraft:deaths":10,"minecraft:damage_taken":2039,"minecraft:walk_one_cm":41442,"minecraft:sneak_time":2060,"minecraft:drop":3,"minecraft:jump":573,"minecraft:damage_dealt":2514,"minecraft:leave_game":12,"minecraft:walk_on_water_one_cm":37,"minecraft:time_since_death":2991,"minecraft:fall_one_cm":211,"minecraft:fly_one_cm":158146,"minecraft:player_kills":8}},"DataVersion":2586}