{"stats":{"minecraft:used":{"minecraft:leather_leggings":1,"minecraft:stone_sword":81,"minecraft:shield":31,"minecraft:leather_chestplate":1,"minecraft:iron_sword":289,"minecraft:wooden_sword":23,"minecraft:bow":8,"minecraft:cooked_beef":33},"minecraft:crafted":{"minecraft:trident":2},"minecraft:dropped":{"minecraft:iron_sword":4,"minecraft:bread":2,"minecraft:leather_chestplate":1,"minecraft:stone_sword":5,"minecraft:dark_oak_sign":9,"minecraft:spider_eye":15,"minecraft:leather_leggings":1,"minecraft:wooden_sword":17,"minecraft:string":1,"minecraft:leather_helmet":2},"minecraft:picked_up":{"minecraft:feather":8,"minecraft:leather_chestplate":2,"minecraft:cooked_beef":15,"minecraft:cooked_porkchop":14,"minecraft:salmon":2,"minecraft:leather_leggings":2,"minecraft:leather":3,"minecraft:trident":3,"minecraft:shield":4,"minecraft:gunpowder":2,"minecraft:spider_eye":20,"minecraft:string":1,"minecraft:leather_helmet":3,"minecraft:wooden_sword":20,"minecraft:cooked_mutton":12,"minecraft:sugar":1,"minecraft:stone_sword":5,"minecraft:arrow":7,"minecraft:bone":7,"minecraft:rotten_flesh":60,"minecraft:slime_ball":30,"minecraft:bow":1,"minecraft:iron_ingot":6,"minecraft:cooked_chicken":15,"minecraft:dark_oak_sign":12,"minecraft:bread":7,"minecraft:glowstone_dust":2,"minecraft:blaze_rod":2,"minecraft:iron_sword":8,"minecraft:white_wool":3},"minecraft:custom":{"minecraft:time_since_rest":20076,"minecraft:sprint_one_cm":46897,"minecraft:damage_taken":3283,"minecraft:walk_one_cm":81756,"minecraft:damage_blocked_by_shield":1525,"minecraft:mob_kills":207,"minecraft:drop":51,"minecraft:damage_dealt":22478,"minecraft:fly_one_cm":113939,"minecraft:crouch_one_cm":1023,"minecraft:play_time":20076,"minecraft:sneak_time":474,"minecraft:jump":743,"minecraft:leave_game":3,"minecraft:time_since_death":20076,"minecraft:total_world_time":20076,"minecraft:fall_one_cm":706},"minecraft:killed":{"minecraft:sheep":3,"minecraft:skeleton":6,"minecraft:husk":5,"minecraft:zombie":43,"minecraft:pig":3,"minecraft:witch":3,"minecraft:chicken":5,"minecraft:iron_golem":1,"minecraft:drowned":10,"minecraft:spider":2,"minecraft:silverfish":68,"minecraft:slime":44,"minecraft:blaze":6,"minecraft:cow":3,"minecraft:polar_bear":5},"minecraft:broken":{"minecraft:leather_helmet":1,"minecraft:leather_leggings":1}},"DataVersion":3105}