{"stats":{"minecraft:custom":{"minecraft:time_since_rest":27329,"minecraft:open_chest":14,"minecraft:crouch_one_cm":8182,"minecraft:play_time":27329,"minecraft:sprint_one_cm":81537,"minecraft:walk_one_cm":38447,"minecraft:sneak_time":3451,"minecraft:walk_under_water_one_cm":13179,"minecraft:mob_kills":1,"minecraft:drop":1,"minecraft:leave_game":1,"minecraft:jump":292,"minecraft:minecart_one_cm":4,"minecraft:damage_dealt":100,"minecraft:time_since_death":27329,"minecraft:walk_on_water_one_cm":1457,"minecraft:total_world_time":29141,"minecraft:climb_one_cm":1122,"minecraft:swim_one_cm":5628,"minecraft:fly_one_cm":282866,"minecraft:inspect_dispenser":2},"minecraft:dropped":{"minecraft:warped_sign":1},"minecraft:picked_up":{"minecraft:polished_blackstone_button":1,"minecraft:beef":1,"minecraft:warped_sign":1,"minecraft:redstone":1},"minecraft:killed":{"minecraft:cow":1},"minecraft:used":{"minecraft:waxed_copper_block":2,"minecraft:oak_trapdoor":4,"minecraft:glass":2,"minecraft:water_bucket":4,"minecraft:diamond_block":1,"minecraft:diamond_sword":1,"minecraft:cow_spawn_egg":1,"minecraft:amethyst_block":2,"minecraft:daylight_detector":1,"minecraft:emerald_block":2,"minecraft:command_block":1,"minecraft:barrier":8,"minecraft:yellow_concrete":19,"minecraft:oak_planks":9,"minecraft:stone_stairs":16,"minecraft:gold_block":1,"minecraft:stone_slab":14,"minecraft:stone":38,"minecraft:spruce_trapdoor":2,"minecraft:warped_sign":80}},"DataVersion":3465}