{"stats":{"minecraft:killed_by":{"minecraft:player":1},"minecraft:dropped":{"minecraft:ender_chest":1},"minecraft:killed":{"minecraft:trader_llama":2,"minecraft:wandering_trader":1},"minecraft:used":{"minecraft:netherite_sword":6,"minecraft:water_bucket":5,"minecraft:sandstone_stairs":37,"minecraft:chiseled_sandstone":52,"minecraft:dead_bush":40,"minecraft:redstone":7,"minecraft:stone_button":1,"minecraft:cactus":155,"minecraft:sandstone":103,"minecraft:ender_chest":1,"minecraft:cut_sandstone":56,"minecraft:iron_door":1,"minecraft:quartz_stairs":2,"minecraft:bedrock":9,"minecraft:torch":8,"minecraft:birch_button":2,"minecraft:sand":116,"minecraft:cut_sandstone_slab":39,"minecraft:nether_bricks":5,"minecraft:sandstone_slab":10,"minecraft:nether_brick_slab":5,"minecraft:gold_block":110,"minecraft:skeleton_skull":2,"minecraft:polished_blackstone_button":3,"minecraft:acacia_button":1,"minecraft:black_bed":2,"minecraft:nether_brick_stairs":12,"minecraft:bat_spawn_egg":13,"minecraft:cobweb":5},"minecraft:picked_up":{"minecraft:iron_door":1,"minecraft:leather":3,"minecraft:lead":2,"minecraft:cactus":14,"minecraft:lever":1,"minecraft:skeleton_skull":1},"minecraft:custom":{"minecraft:time_since_rest":88091,"minecraft:sprint_one_cm":129092,"minecraft:open_enderchest":3,"minecraft:damage_taken":251,"minecraft:walk_one_cm":195585,"minecraft:mob_kills":3,"minecraft:drop":1,"minecraft:damage_dealt":630,"minecraft:fly_one_cm":724810,"minecraft:open_chest":3,"minecraft:crouch_one_cm":7436,"minecraft:play_one_minute":92603,"minecraft:deaths":1,"minecraft:sneak_time":3104,"minecraft:jump":557,"minecraft:leave_game":1,"minecraft:time_since_death":88029,"minecraft:walk_on_water_one_cm":82}},"DataVersion":2586}