{"stats":{"minecraft:dropped":{"minecraft:wooden_sword":1},"minecraft:killed_by":{"minecraft:player":12},"minecraft:used":{"minecraft:wooden_axe":9,"minecraft:wooden_sword":28},"minecraft:custom":{"minecraft:jump":306,"minecraft:time_since_rest":698,"minecraft:damage_dealt":2799,"minecraft:crouch_one_cm":43,"minecraft:play_one_minute":13018,"minecraft:damage_taken":3247,"minecraft:sprint_one_cm":8715,"minecraft:deaths":13,"minecraft:time_since_death":675,"minecraft:walk_one_cm":46966,"minecraft:sneak_time":124,"minecraft:drop":1,"minecraft:fly_one_cm":23175,"minecraft:player_kills":10,"minecraft:leave_game":1},"minecraft:broken":{"minecraft:wooden_axe":1},"minecraft:picked_up":{"minecraft:wooden_sword":13,"minecraft:wooden_axe":2}},"DataVersion":2586}