{"stats":{"minecraft:picked_up":{"minecraft:wooden_axe":2,"minecraft:wooden_sword":13},"minecraft:used":{"minecraft:bedrock":1,"minecraft:wooden_axe":9,"minecraft:wooden_sword":28,"minecraft:rail":1,"minecraft:flint_and_steel":6,"minecraft:tnt":58,"minecraft:smooth_sandstone":26,"minecraft:tnt_minecart":461},"minecraft:broken":{"minecraft:wooden_axe":1},"minecraft:dropped":{"minecraft:wooden_sword":1},"minecraft:killed_by":{"minecraft:player":12},"minecraft:custom":{"minecraft:time_since_rest":4049,"minecraft:crouch_one_cm":319,"minecraft:play_one_minute":22103,"minecraft:sprint_one_cm":11144,"minecraft:deaths":14,"minecraft:damage_taken":3247,"minecraft:walk_one_cm":55133,"minecraft:sneak_time":994,"minecraft:drop":1,"minecraft:jump":359,"minecraft:damage_dealt":2799,"minecraft:leave_game":2,"minecraft:time_since_death":4021,"minecraft:fly_one_cm":157878,"minecraft:player_kills":10}},"DataVersion":2586}