{"stats":{"minecraft:dropped":{"minecraft:skeleton_skull":3},"minecraft:used":{"minecraft:smooth_sandstone_stairs":1,"minecraft:glass":17,"minecraft:bedrock":6,"minecraft:mossy_stone_bricks":1,"minecraft:lava_bucket":3,"minecraft:red_sandstone":14,"minecraft:red_sand":15,"minecraft:sand":217,"minecraft:chiseled_sandstone":2,"minecraft:sandstone_stairs":107,"minecraft:dead_bush":28,"minecraft:andesite":2,"minecraft:barrier":22,"minecraft:chain":3,"minecraft:smooth_sandstone":43,"minecraft:sandstone_slab":311,"minecraft:skeleton_skull":3,"minecraft:sandstone":44,"minecraft:stone":32,"minecraft:cut_sandstone":5,"minecraft:smooth_quartz":1,"minecraft:cobweb":11,"minecraft:stone_bricks":2,"minecraft:sandstone_wall":2},"minecraft:custom":{"minecraft:time_since_rest":64056,"minecraft:open_chest":2,"minecraft:crouch_one_cm":5423,"minecraft:play_one_minute":64056,"minecraft:sprint_one_cm":34660,"minecraft:walk_one_cm":156109,"minecraft:sneak_time":3134,"minecraft:drop":3,"minecraft:jump":291,"minecraft:leave_game":2,"minecraft:walk_on_water_one_cm":84,"minecraft:time_since_death":64056,"minecraft:fly_one_cm":380718}},"DataVersion":2586}