{"stats":{"minecraft:custom":{"minecraft:jump":16,"minecraft:time_since_rest":45,"minecraft:play_one_minute":3375,"minecraft:crouch_one_cm":77,"minecraft:leave_game":2,"minecraft:time_since_death":0,"minecraft:sprint_one_cm":8753,"minecraft:walk_one_cm":1696,"minecraft:walk_on_water_one_cm":221,"minecraft:deaths":1,"minecraft:sneak_time":199,"minecraft:walk_under_water_one_cm":371,"minecraft:fly_one_cm":37315},"minecraft:picked_up":{"minecraft:stick":13,"minecraft:birch_sapling":13}},"DataVersion":2586}