{"stats":{"minecraft:custom":{"minecraft:jump":48,"minecraft:time_since_rest":2131,"minecraft:damage_dealt":180,"minecraft:play_one_minute":10828,"minecraft:crouch_one_cm":77,"minecraft:leave_game":7,"minecraft:time_since_death":2111,"minecraft:sprint_one_cm":15334,"minecraft:walk_one_cm":3630,"minecraft:walk_on_water_one_cm":221,"minecraft:deaths":4,"minecraft:sneak_time":240,"minecraft:walk_under_water_one_cm":371,"minecraft:fly_one_cm":42943},"minecraft:picked_up":{"minecraft:stick":13,"minecraft:birch_sapling":13}},"DataVersion":2586}