{"stats":{"minecraft:used":{"minecraft:torch":1,"minecraft:bedrock":18,"minecraft:purple_concrete":1,"minecraft:repeater":1,"minecraft:lime_concrete":1,"minecraft:cut_sandstone_slab":6,"minecraft:command_block":6,"minecraft:oak_button":1,"minecraft:armor_stand":5,"minecraft:red_concrete":1,"minecraft:chain_command_block":2,"minecraft:barrier":35,"minecraft:stone_button":8,"minecraft:smooth_sandstone":26,"minecraft:smooth_sandstone_slab":1,"minecraft:oak_sign":2,"minecraft:gold_block":2,"minecraft:repeating_command_block":8,"minecraft:lingering_potion":1,"minecraft:sandstone":26,"minecraft:stone":3,"minecraft:cut_sandstone":2,"minecraft:redstone_block":8,"minecraft:smooth_quartz":44,"minecraft:blue_concrete":1,"minecraft:stone_bricks":2},"minecraft:picked_up":{"minecraft:wooden_axe":2,"minecraft:barrier":2,"minecraft:stone":2,"minecraft:cactus":2,"minecraft:gold_block":2,"minecraft:smooth_quartz":2,"minecraft:redstone":1,"minecraft:spectral_arrow":1728},"minecraft:custom":{"minecraft:open_chest":2,"minecraft:time_since_rest":125237,"minecraft:play_one_minute":129198,"minecraft:crouch_one_cm":5685,"minecraft:sprint_one_cm":60801,"minecraft:deaths":3,"minecraft:damage_taken":240,"minecraft:walk_one_cm":56335,"minecraft:sneak_time":5690,"minecraft:jump":477,"minecraft:leave_game":3,"minecraft:time_since_death":125211,"minecraft:fly_one_cm":1321585}},"DataVersion":2586}