{"stats":{"minecraft:picked_up":{"minecraft:wooden_axe":2,"minecraft:barrier":2,"minecraft:stone":2,"minecraft:gold_block":2,"minecraft:redstone":1,"minecraft:spectral_arrow":1728,"minecraft:smooth_sandstone":36,"minecraft:cactus":2,"minecraft:command_block":1,"minecraft:smooth_quartz":2},"minecraft:used":{"minecraft:command_block":6,"minecraft:armor_stand":5,"minecraft:red_concrete":1,"minecraft:oak_button":1,"minecraft:barrier":35,"minecraft:smooth_sandstone":209,"minecraft:stone_button":8,"minecraft:oak_sign":2,"minecraft:smooth_sandstone_slab":1,"minecraft:sandstone":26,"minecraft:stone":3,"minecraft:cut_sandstone":2,"minecraft:redstone_block":8,"minecraft:smooth_quartz":44,"minecraft:stone_bricks":2,"minecraft:bedrock":18,"minecraft:purple_concrete":1,"minecraft:torch":1,"minecraft:repeater":1,"minecraft:lime_concrete":1,"minecraft:cut_sandstone_slab":6,"minecraft:chain_command_block":2,"minecraft:gold_block":2,"minecraft:repeating_command_block":8,"minecraft:lingering_potion":1,"minecraft:blue_concrete":1},"minecraft:dropped":{"minecraft:wooden_axe":1},"minecraft:custom":{"minecraft:time_since_rest":4006,"minecraft:sprint_one_cm":83303,"minecraft:damage_taken":240,"minecraft:walk_one_cm":63968,"minecraft:drop":1,"minecraft:fly_one_cm":1776357,"minecraft:open_chest":2,"minecraft:play_one_minute":152442,"minecraft:crouch_one_cm":8658,"minecraft:deaths":7,"minecraft:sneak_time":7029,"minecraft:jump":763,"minecraft:leave_game":10,"minecraft:time_since_death":3969}},"DataVersion":2586}