{"stats":{"minecraft:picked_up":{"minecraft:wooden_sword":8,"minecraft:stick":2,"minecraft:smooth_sandstone":40},"minecraft:used":{"minecraft:wooden_sword":26,"minecraft:tnt":249,"minecraft:tnt_minecart":954},"minecraft:killed_by":{"minecraft:player":3},"minecraft:custom":{"minecraft:jump":172,"minecraft:damage_taken":801,"minecraft:time_since_rest":2475,"minecraft:play_one_minute":10334,"minecraft:crouch_one_cm":573,"minecraft:leave_game":5,"minecraft:time_since_death":2386,"minecraft:sprint_one_cm":23344,"minecraft:walk_one_cm":20634,"minecraft:deaths":4,"minecraft:sneak_time":951,"minecraft:fly_one_cm":173286,"minecraft:player_kills":5,"minecraft:damage_dealt":1159}},"DataVersion":2586}