{"stats":{"minecraft:killed_by":{"minecraft:player":3},"minecraft:used":{"minecraft:wooden_sword":26},"minecraft:custom":{"minecraft:jump":84,"minecraft:time_since_rest":2,"minecraft:damage_dealt":1159,"minecraft:play_one_minute":1830,"minecraft:crouch_one_cm":44,"minecraft:damage_taken":801,"minecraft:leave_game":3,"minecraft:sprint_one_cm":7097,"minecraft:time_since_death":0,"minecraft:walk_one_cm":5767,"minecraft:deaths":3,"minecraft:sneak_time":8,"minecraft:fly_one_cm":8981,"minecraft:player_kills":5},"minecraft:picked_up":{"minecraft:wooden_sword":8}},"DataVersion":2586}