{"stats":{"minecraft:mined":{"minecraft:chest":1},"minecraft:crafted":{"minecraft:suspicious_stew":12,"minecraft:ender_eye":3,"minecraft:emerald":6,"minecraft:air":0,"minecraft:golden_apple":16},"minecraft:custom":{"minecraft:mob_kills":1720,"minecraft:open_shulker_box":2,"minecraft:damage_dealt_resisted":144,"minecraft:leave_game":37,"minecraft:time_since_death":563,"minecraft:sprint_one_cm":1190939,"minecraft:walk_one_cm":2403560,"minecraft:damage_blocked_by_shield":11969,"minecraft:drop":78,"minecraft:talked_to_villager":24,"minecraft:play_time":3453804,"minecraft:deaths":40,"minecraft:sneak_time":11646,"minecraft:jump":12784,"minecraft:total_world_time":3587558,"minecraft:traded_with_villager":37,"minecraft:time_since_rest":563,"minecraft:damage_taken":45019,"minecraft:damage_absorbed":198,"minecraft:damage_dealt":309756,"minecraft:fly_one_cm":7074774,"minecraft:open_chest":1,"minecraft:crouch_one_cm":3936,"minecraft:fall_one_cm":46706},"minecraft:picked_up":{"minecraft:iron_chestplate":27,"minecraft:chicken":5,"minecraft:prismarine_shard":6,"minecraft:suspicious_stew":2,"minecraft:leather_leggings":34,"minecraft:diamond_sword":21,"minecraft:potion":2,"minecraft:shield":26,"minecraft:golden_sword":1,"minecraft:string":106,"minecraft:iron_axe":8,"minecraft:wooden_sword":51,"minecraft:iron_leggings":7,"minecraft:pufferfish":4,"minecraft:diamond_leggings":16,"minecraft:gold_nugget":3,"minecraft:netherite_sword":3,"minecraft:ender_eye":1,"minecraft:chest":5,"minecraft:iron_boots":5,"minecraft:tipped_arrow":3,"minecraft:stick":7,"minecraft:porkchop":4,"minecraft:stone_button":1,"minecraft:trident":2,"minecraft:carrot":7,"minecraft:redstone":4,"minecraft:prismarine_crystals":1,"minecraft:rabbit_foot":7,"minecraft:tnt":1,"minecraft:stone_sword":15,"minecraft:arrow":202,"minecraft:rotten_flesh":419,"minecraft:diamond_chestplate":16,"minecraft:tropical_fish":1,"minecraft:beetroot_seeds":4,"minecraft:diamond_boots":17,"minecraft:saddle":1,"minecraft:totem_of_undying":1,"minecraft:blaze_rod":30,"minecraft:cod":25,"minecraft:white_wool":26,"minecraft:enchanting_table":2,"minecraft:leather_chestplate":14,"minecraft:feather":60,"minecraft:cooked_beef":279,"minecraft:salmon":3,"minecraft:leather":27,"minecraft:carrot_on_a_stick":19,"minecraft:potato":2,"minecraft:gunpowder":168,"minecraft:gray_concrete_powder":36,"minecraft:leather_boots":24,"minecraft:cooked_mutton":85,"minecraft:bone":300,"minecraft:bow":4,"minecraft:wheat_seeds":4,"minecraft:rabbit_hide":28,"minecraft:iron_ingot":26,"minecraft:cooked_chicken":157,"minecraft:dark_oak_sign":14,"minecraft:diamond_helmet":16,"minecraft:rabbit":25,"minecraft:glass_bottle":2,"minecraft:glowstone_dust":3,"minecraft:stone_hoe":2,"minecraft:iron_sword":45,"minecraft:sculk_catalyst":8,"minecraft:cooked_porkchop":119,"minecraft:spider_eye":34,"minecraft:leather_helmet":30,"minecraft:orange_wool":1,"minecraft:sugar":7,"minecraft:slime_ball":145,"minecraft:iron_helmet":7,"minecraft:crossbow":1,"minecraft:bone_meal":1,"minecraft:golden_apple":14,"minecraft:bread":401,"minecraft:emerald":2,"minecraft:melon_seeds":3,"minecraft:coal":21,"minecraft:nether_star":2},"minecraft:killed":{"minecraft:evoker":17,"minecraft:vex":9,"minecraft:cave_spider":89,"minecraft:zombified_piglin":11,"minecraft:witch":17,"minecraft:allay":1,"minecraft:vindicator":9,"minecraft:endermite":42,"minecraft:spider":7,"minecraft:cod":11,"minecraft:slime":158,"minecraft:zoglin":2,"minecraft:pufferfish":5,"minecraft:skeleton":157,"minecraft:guardian":5,"minecraft:bee":3,"minecraft:chicken":44,"minecraft:llama":1,"minecraft:silverfish":305,"minecraft:drowned":9,"minecraft:skeleton_horse":4,"minecraft:tropical_fish":2,"minecraft:wolf":94,"minecraft:magma_cube":36,"minecraft:husk":107,"minecraft:pig":23,"minecraft:salmon":2,"minecraft:rabbit":51,"minecraft:iron_golem":4,"minecraft:ravager":1,"minecraft:creeper":9,"minecraft:polar_bear":13,"minecraft:sheep":15,"minecraft:pillager":2,"minecraft:zombie":201,"minecraft:stray":8,"minecraft:wither_skeleton":57,"minecraft:villager":7,"minecraft:blaze":74,"minecraft:cow":26},"minecraft:killed_by":{"minecraft:husk":1,"minecraft:wither_skeleton":1,"minecraft:stray":5,"minecraft:creeper":5,"minecraft:iron_golem":1,"minecraft:ravager":2,"minecraft:magma_cube":1,"minecraft:slime":2,"minecraft:warden":2,"minecraft:rabbit":2,"minecraft:guardian":1,"minecraft:witch":4,"minecraft:zombie":1},"minecraft:broken":{"minecraft:diamond_helmet":2,"minecraft:shield":3},"minecraft:used":{"minecraft:orange_dye":1,"minecraft:trident":2,"minecraft:netherite_sword":196,"minecraft:stone_sword":252,"minecraft:carved_pumpkin":4,"minecraft:red_concrete":15,"minecraft:carrot_on_a_stick":90,"minecraft:oak_sign":1,"minecraft:tinted_glass":251,"minecraft:chest":1,"minecraft:shield":470,"minecraft:iron_sword":757,"minecraft:stone":381,"minecraft:structure_block":15,"minecraft:cooked_chicken":12,"minecraft:rotten_flesh":11,"minecraft:bee_spawn_egg":4,"minecraft:iron_chestplate":1,"minecraft:dirt":31,"minecraft:chainmail_chestplate":1,"minecraft:carrot":3,"minecraft:diamond_helmet":1,"minecraft:shulker_box":1,"minecraft:sea_lantern":79,"minecraft:cyan_terracotta":774,"minecraft:iron_axe":13,"minecraft:iron_helmet":1,"minecraft:gray_concrete_powder":230,"minecraft:iron_boots":1,"minecraft:smooth_quartz":240,"minecraft:diamond_chestplate":1,"minecraft:light_gray_wool":454,"minecraft:potato":1,"minecraft:cooked_beef":348,"minecraft:red_dye":1,"minecraft:iron_leggings":1,"minecraft:quartz_bricks":96,"minecraft:cooked_mutton":2,"minecraft:leather_leggings":1,"minecraft:diamond_boots":3,"minecraft:dark_oak_sign":4,"minecraft:leather_chestplate":3,"minecraft:chainmail_helmet":1,"minecraft:glow_ink_sac":3,"minecraft:vindicator_spawn_egg":1,"minecraft:cracked_stone_bricks":130,"minecraft:golden_apple":5,"minecraft:green_dye":1,"minecraft:yellow_concrete":20,"minecraft:light_gray_concrete_powder":21,"minecraft:polar_bear_spawn_egg":4,"minecraft:gray_concrete":517,"minecraft:netherite_block":42,"minecraft:lever":4,"minecraft:black_concrete":627,"minecraft:command_block":58,"minecraft:light_gray_concrete":634,"minecraft:bread":7,"minecraft:stone_button":2,"minecraft:barrier":25,"minecraft:suspicious_stew":15,"minecraft:leather_helmet":1,"minecraft:evoker_spawn_egg":1,"minecraft:fire_charge":2,"minecraft:wooden_sword":145,"minecraft:diamond_sword":3515,"minecraft:cod_spawn_egg":1,"minecraft:cooked_porkchop":2,"minecraft:chain_command_block":36,"minecraft:repeating_command_block":9,"minecraft:white_concrete":132,"minecraft:husk_spawn_egg":23,"minecraft:diamond_leggings":1,"minecraft:gray_wool":252,"minecraft:splash_potion":28,"minecraft:chainmail_leggings":1},"minecraft:dropped":{"minecraft:stone_hoe":2,"minecraft:bread":322,"minecraft:iron_sword":5,"minecraft:wheat_seeds":4,"minecraft:cooked_beef":58,"minecraft:diamond_leggings":1,"minecraft:leather_helmet":8,"minecraft:mutton":2,"minecraft:rabbit":1,"minecraft:diamond_helmet":1,"minecraft:iron_axe":1,"minecraft:bone":1,"minecraft:blaze_rod":1,"minecraft:rotten_flesh":1,"minecraft:ender_eye":1,"minecraft:diamond_sword":2,"minecraft:leather_chestplate":1,"minecraft:shield":1,"minecraft:diamond_chestplate":1,"minecraft:iron_chestplate":8,"minecraft:beetroot_seeds":4,"minecraft:melon_seeds":3,"minecraft:leather_boots":11,"minecraft:leather_leggings":9,"minecraft:diamond_boots":1,"minecraft:enchanting_table":1}},"DataVersion":3105}