{"stats":{"minecraft:picked_up":{"minecraft:smooth_sandstone":16},"minecraft:used":{"minecraft:stone_bricks":277,"minecraft:chiseled_stone_bricks":2,"minecraft:cracked_stone_bricks":22,"minecraft:bedrock":1,"minecraft:stone_brick_slab":284,"minecraft:glowstone":1,"minecraft:light_gray_stained_glass":127,"minecraft:black_stained_glass":2,"minecraft:chiseled_sandstone":63,"minecraft:oak_slab":124,"minecraft:lantern":11,"minecraft:red_stained_glass":1,"minecraft:iron_block":9,"minecraft:stripped_oak_wood":120,"minecraft:barrier":4,"minecraft:oak_button":3,"minecraft:smooth_sandstone":70,"minecraft:smooth_sandstone_slab":76,"minecraft:oak_sign":2,"minecraft:gold_block":1,"minecraft:polished_basalt":33,"minecraft:gray_concrete":1,"minecraft:sandstone":106,"minecraft:stripped_oak_log":2,"minecraft:stone_brick_wall":34,"minecraft:cut_sandstone":5,"minecraft:beacon":1},"minecraft:custom":{"minecraft:time_since_rest":277,"minecraft:open_chest":1,"minecraft:crouch_one_cm":11310,"minecraft:play_one_minute":90653,"minecraft:deaths":1,"minecraft:sprint_one_cm":21060,"minecraft:damage_taken":110,"minecraft:walk_one_cm":70558,"minecraft:sneak_time":7713,"minecraft:walk_under_water_one_cm":111,"minecraft:jump":214,"minecraft:leave_game":4,"minecraft:time_since_death":239,"minecraft:interact_with_beacon":1,"minecraft:fall_one_cm":1081,"minecraft:fly_one_cm":713339}},"DataVersion":2586}