{"stats":{"minecraft:picked_up":{"minecraft:wooden_axe":1,"minecraft:wooden_sword":6,"minecraft:sandstone":13,"minecraft:sandstone_slab":2,"minecraft:sandstone_wall":1,"minecraft:sandstone_stairs":1},"minecraft:used":{"minecraft:wooden_axe":12,"minecraft:wooden_sword":16,"minecraft:sandstone_slab":3,"minecraft:sandstone":181,"minecraft:infested_stone_bricks":38,"minecraft:sandstone_wall":1},"minecraft:dropped":{"minecraft:wooden_sword":2,"minecraft:crying_obsidian":1,"minecraft:spruce_door":1,"minecraft:ladder":1},"minecraft:killed_by":{"minecraft:player":8},"minecraft:custom":{"minecraft:time_since_rest":2295,"minecraft:damage_taken":2099,"minecraft:crouch_one_cm":6609,"minecraft:play_one_minute":20602,"minecraft:sprint_one_cm":16317,"minecraft:deaths":10,"minecraft:walk_one_cm":62320,"minecraft:sneak_time":1566,"minecraft:walk_under_water_one_cm":184,"minecraft:drop":5,"minecraft:jump":578,"minecraft:damage_dealt":2097,"minecraft:leave_game":12,"minecraft:walk_on_water_one_cm":145,"minecraft:time_since_death":2213,"minecraft:fall_one_cm":843,"minecraft:fly_one_cm":82379,"minecraft:player_kills":4}},"DataVersion":2586}