{"stats":{"minecraft:dropped":{"minecraft:wooden_sword":1},"minecraft:killed_by":{"minecraft:player":8},"minecraft:used":{"minecraft:wooden_sword":16,"minecraft:wooden_axe":12},"minecraft:custom":{"minecraft:damage_dealt":2097,"minecraft:time_since_rest":143,"minecraft:damage_taken":2099,"minecraft:play_one_minute":11823,"minecraft:crouch_one_cm":370,"minecraft:leave_game":10,"minecraft:sprint_one_cm":9763,"minecraft:time_since_death":95,"minecraft:walk_one_cm":44690,"minecraft:deaths":9,"minecraft:sneak_time":47,"minecraft:fall_one_cm":843,"minecraft:drop":1,"minecraft:fly_one_cm":19216,"minecraft:player_kills":4,"minecraft:jump":318},"minecraft:picked_up":{"minecraft:wooden_axe":1,"minecraft:wooden_sword":5}},"DataVersion":2586}