{"stats":{"minecraft:killed":{"minecraft:bat":7},"minecraft:used":{"minecraft:redstone_torch":5,"minecraft:oak_log":11,"minecraft:sticky_piston":5,"minecraft:netherite_sword":2,"minecraft:mossy_stone_bricks":17,"minecraft:lever":5,"minecraft:lava_bucket":22,"minecraft:stone_sword":6,"minecraft:chiseled_sandstone":295,"minecraft:sandstone_stairs":214,"minecraft:spruce_door":2,"minecraft:lantern":2,"minecraft:armor_stand":1,"minecraft:spruce_button":1,"minecraft:acacia_trapdoor":2,"minecraft:redstone":49,"minecraft:barrier":18,"minecraft:smooth_sandstone_slab":9,"minecraft:chest":2,"minecraft:sandstone":214,"minecraft:cut_sandstone":422,"minecraft:spruce_trapdoor":2,"minecraft:iron_door":5,"minecraft:dark_oak_button":2,"minecraft:quartz_stairs":1,"minecraft:sandstone_wall":33,"minecraft:stone_brick_stairs":28,"minecraft:stone_bricks":7,"minecraft:soul_lantern":6,"minecraft:item_frame":1,"minecraft:cracked_stone_bricks":7,"minecraft:torch":10,"minecraft:diamond_block":3,"minecraft:repeater":8,"minecraft:purpur_stairs":3,"minecraft:cobblestone":7,"minecraft:comparator":3,"minecraft:cut_sandstone_slab":222,"minecraft:tnt":1,"minecraft:nether_bricks":5,"minecraft:nether_brick_slab":9,"minecraft:chain":55,"minecraft:skeleton_skull":1,"minecraft:gold_block":27,"minecraft:smooth_stone_slab":26,"minecraft:acacia_button":2,"minecraft:nether_brick_stairs":2},"minecraft:picked_up":{"minecraft:torch":2,"minecraft:redstone":2,"minecraft:spectral_arrow":64,"minecraft:cactus":1,"minecraft:redstone_torch":1,"minecraft:skeleton_skull":2},"minecraft:custom":{"minecraft:time_since_rest":94257,"minecraft:sprint_one_cm":63235,"minecraft:damage_taken":120,"minecraft:walk_one_cm":306682,"minecraft:mob_kills":7,"minecraft:damage_dealt":636,"minecraft:fly_one_cm":229751,"minecraft:player_kills":1,"minecraft:open_chest":4,"minecraft:crouch_one_cm":6545,"minecraft:play_one_minute":94257,"minecraft:sneak_time":2908,"minecraft:jump":306,"minecraft:leave_game":1,"minecraft:time_since_death":94257,"minecraft:walk_on_water_one_cm":69}},"DataVersion":2586}