{"stats":{"minecraft:picked_up":{"minecraft:ladder":1,"minecraft:item_frame":27,"minecraft:beef":1,"minecraft:lime_wool":2,"minecraft:big_dripleaf":4,"minecraft:stone_button":1,"minecraft:pointed_dripstone":23,"minecraft:redstone":1,"minecraft:black_dye":64,"minecraft:rail":6,"minecraft:leather":2,"minecraft:filled_map":24,"minecraft:lantern":9,"minecraft:wheat_seeds":1,"minecraft:dark_oak_sign":1,"minecraft:powered_rail":2,"minecraft:scaffolding":2,"minecraft:red_wool":1,"minecraft:amethyst_shard":42,"minecraft:polished_blackstone_button":2,"minecraft:ender_pearl":1},"minecraft:custom":{"minecraft:mob_kills":2,"minecraft:interact_with_crafting_table":2,"minecraft:leave_game":18,"minecraft:time_since_death":820550,"minecraft:climb_one_cm":16447,"minecraft:sprint_one_cm":470487,"minecraft:walk_one_cm":1018885,"minecraft:drop":7,"minecraft:play_time":820550,"minecraft:sneak_time":20707,"minecraft:walk_under_water_one_cm":18721,"minecraft:jump":1751,"minecraft:walk_on_water_one_cm":21416,"minecraft:total_world_time":1044790,"minecraft:interact_with_loom":5,"minecraft:interact_with_grindstone":1,"minecraft:sleep_in_bed":5,"minecraft:time_since_rest":41804,"minecraft:damage_dealt":345,"minecraft:minecart_one_cm":49113,"minecraft:fly_one_cm":3510036,"minecraft:swim_one_cm":2999,"minecraft:open_chest":23,"minecraft:crouch_one_cm":14255,"minecraft:inspect_dispenser":9},"minecraft:used":{"minecraft:oak_trapdoor":72,"minecraft:oak_fence":136,"minecraft:moss_block":4,"minecraft:petrified_oak_slab":278,"minecraft:moss_carpet":9,"minecraft:rose_bush":9,"minecraft:light_gray_stained_glass_pane":7,"minecraft:red_concrete":2,"minecraft:dispenser":1,"minecraft:spruce_slab":185,"minecraft:redstone":53,"minecraft:ladder":154,"minecraft:poppy":4,"minecraft:oak_sign":5,"minecraft:polished_basalt":29,"minecraft:chest":27,"minecraft:spruce_planks":94,"minecraft:stone":431,"minecraft:tube_coral":1,"minecraft:debug_stick":401,"minecraft:ancient_debris":44,"minecraft:spruce_stairs":102,"minecraft:stone_stairs":246,"minecraft:oak_wood":2,"minecraft:furnace_minecart":9,"minecraft:raw_iron_block":40,"minecraft:golden_shovel":5,"minecraft:nether_brick_stairs":2,"minecraft:milk_bucket":3,"minecraft:polished_diorite":34,"minecraft:big_dripleaf":21,"minecraft:small_dripleaf":5,"minecraft:andesite_wall":11,"minecraft:glass":20,"minecraft:honey_block":80,"minecraft:sea_lantern":198,"minecraft:cyan_terracotta":46,"minecraft:lava_bucket":134,"minecraft:villager_spawn_egg":1,"minecraft:lantern":109,"minecraft:grass_block":80,"minecraft:oak_stairs":109,"minecraft:spruce_button":1,"minecraft:polished_andesite_stairs":178,"minecraft:quartz_block":66,"minecraft:smooth_quartz":70,"minecraft:item_frame":81,"minecraft:tripwire_hook":6,"minecraft:glowstone":16,"minecraft:red_carpet":12,"minecraft:redstone_lamp":1,"minecraft:horn_coral":26,"minecraft:hay_block":18,"minecraft:emerald_block":16,"minecraft:scaffolding":14,"minecraft:white_stained_glass_pane":1,"minecraft:minecart":60,"minecraft:gold_block":21,"minecraft:skeleton_skull":1,"minecraft:trapped_chest":5,"minecraft:stone_pressure_plate":2,"minecraft:powder_snow_bucket":3,"minecraft:pointed_dripstone":110,"minecraft:calcite":21,"minecraft:water_bucket":50,"minecraft:leather_leggings":1,"minecraft:cow_spawn_egg":1,"minecraft:amethyst_block":354,"minecraft:spruce_door":2,"minecraft:dark_oak_sign":20,"minecraft:infested_stone":23,"minecraft:polished_andesite":77,"minecraft:powered_rail":33,"minecraft:mangrove_planks":6,"minecraft:oak_planks":1169,"minecraft:copper_block":12,"minecraft:ender_pearl":16,"minecraft:leather_chestplate":1,"minecraft:redstone_block":1,"minecraft:white_dye":2,"minecraft:glow_ink_sac":2,"minecraft:leather_boots":1,"minecraft:waxed_copper_block":19,"minecraft:oak_leaves":88,"minecraft:glow_item_frame":1,"minecraft:diamond_block":20,"minecraft:orange_carpet":7,"minecraft:sand":26,"minecraft:rail":291,"minecraft:vine":54,"minecraft:yellow_terracotta":77,"minecraft:crafting_table":2,"minecraft:oak_slab":73,"minecraft:lime_bed":2,"minecraft:loom":3,"minecraft:red_bed":2,"minecraft:birch_sign":35,"minecraft:black_banner":55,"minecraft:yellow_concrete":329,"minecraft:sponge":17,"minecraft:dripstone_block":33,"minecraft:painting":5,"minecraft:warped_planks":6,"minecraft:dark_oak_door":9,"minecraft:redstone_torch":29,"minecraft:oak_log":140,"minecraft:amethyst_cluster":116,"minecraft:mud":25,"minecraft:lever":6,"minecraft:light":465,"minecraft:black_concrete":121,"minecraft:daylight_detector":1,"minecraft:command_block":27,"minecraft:barrier":181,"minecraft:string":38,"minecraft:map":7,"minecraft:stone_button":3,"minecraft:stone_slab":224,"minecraft:spruce_trapdoor":33,"minecraft:diamond_ore":28,"minecraft:budding_amethyst":17,"minecraft:flowering_azalea_leaves":1,"minecraft:polished_andesite_slab":14,"minecraft:diamond_sword":4,"minecraft:brown_stained_glass_pane":9,"minecraft:potion":11,"minecraft:azalea_leaves":1,"minecraft:grindstone":7,"minecraft:white_banner":10,"minecraft:stripped_oak_wood":4,"minecraft:bucket":9,"minecraft:chain":170,"minecraft:glass_pane":76,"minecraft:polished_blackstone_button":21,"minecraft:stripped_oak_log":329,"minecraft:kelp":35,"minecraft:bone_meal":54,"minecraft:smooth_stone":160,"minecraft:gray_stained_glass":3},"minecraft:killed":{"minecraft:villager":1,"minecraft:cow":1},"minecraft:dropped":{"minecraft:black_dye":64,"minecraft:milk_bucket":1,"minecraft:redstone_block":1,"minecraft:stone_slab":1,"minecraft:stone_stairs":1,"minecraft:ladder":2},"minecraft:crafted":{"minecraft:leather_leggings":1,"minecraft:leather_boots":1,"minecraft:leather_chestplate":1}},"DataVersion":3120}